code	url	creator	created_t	created_datetime	last_modified_t	last_modified_datetime	product_name	generic_name	quantity	col_10	col_11	col_12	col_13	col_14	col_15	col_16	col_17	col_18	col_19	col_20	col_21	col_22	col_23	col_24	col_25	col_26	col_27	col_28	col_29	col_30	col_31	col_32	col_33	col_34	col_35	col_36	col_37	col_38	col_39	col_40	col_41	col_42	col_43	col_44	col_45	col_46	col_47	col_48	col_49	col_50	col_51	col_52	col_53	col_54	col_55	col_56	col_57	col_58	col_59	col_60	col_61	col_62	col_63	col_64	col_65	col_66	col_67	col_68	col_69	col_70	col_71	col_72	col_73	col_74	col_75	col_76	col_77	col_78	col_79	col_80	col_81	col_82	col_83	col_84	col_85	col_86	col_87	col_88	col_89	col_90	col_91	col_92	col_93	col_94	col_95	col_96	col_97	col_98	col_99	col_100	col_101	col_102	col_103	-glucose_100g	col_105	col_106	col_107	col_108	col_109	col_110	col_111	col_112	col_113	col_114	col_115	col_116	col_117	col_118	col_119	col_120	col_121	col_122	col_123	col_124	col_125	col_126	col_127	col_128	col_129	col_130	col_131	col_132	col_133	col_134	col_135	col_136	col_137	col_138	col_139	col_140	col_141	col_142	col_143	col_144	col_145	col_146	col_147	col_148	col_149	col_150	col_151	col_152	col_153	col_154	col_155	col_156	col_157	col_158	col_159	col_160	col_161	col_162
0000000000000	sample	sample	sample	sample	sample	sample	Farine de blé noir	sample	sample	sample	sample	sample	sample	sample	sample	sample	sample	sample	sample	sample	sample	sample	sample	sample	sample	sample	sample	sample	sample	sample	sample	sample	sample	sample	sample	sample	sample	sample	sample	sample	sample	sample	sample	sample	sample	sample	sample	sample	sample	sample	sample	sample	sample	sample	sample	sample	sample	sample	sample	sample	sample	sample	sample	sample	sample	sample	sample	sample	sample	sample	sample	sample	sample	sample	sample	sample	sample	sample	sample	sample	sample	sample	sample	sample	sample	sample	sample	sample	sample	sample	sample	sample	sample	sample	sample	sample	sample	sample	sample	sample	sample	sample	sample	73.64	sample	sample	sample	sample	sample	sample	sample	sample	sample	sample	sample	sample	sample	sample	sample	sample	sample	sample	sample	sample	sample	sample	sample	sample	sample	sample	sample	sample	sample	sample	sample	sample	sample	sample	sample	sample	sample	sample	sample	sample	sample	sample	sample	sample	sample	sample	sample	sample	sample	sample	sample	sample	sample	sample	sample	sample	sample	sample
0000000000001	sample	sample	sample	sample	sample	sample	Banana Chips Sweetened (Whole)	sample	sample	sample	sample	sample	sample	sample	sample	sample	sample	sample	sample	sample	sample	sample	sample	sample	sample	sample	sample	sample	sample	sample	sample	sample	sample	sample	sample	sample	sample	sample	sample	sample	sample	sample	sample	sample	sample	sample	sample	sample	sample	sample	sample	sample	sample	sample	sample	sample	sample	sample	sample	sample	sample	sample	sample	sample	sample	sample	sample	sample	sample	sample	sample	sample	sample	sample	sample	sample	sample	sample	sample	sample	sample	sample	sample	sample	sample	sample	sample	sample	sample	sample	sample	sample	sample	sample	sample	sample	sample	sample	sample	sample	sample	sample	sample	64.89	sample	sample	sample	sample	sample	sample	sample	sample	sample	sample	sample	sample	sample	sample	sample	sample	sample	sample	sample	sample	sample	sample	sample	sample	sample	sample	sample	sample	sample	sample	sample	sample	sample	sample	sample	sample	sample	sample	sample	sample	sample	sample	sample	sample	sample	sample	sample	sample	sample	sample	sample	sample	sample	sample	sample	sample	sample	sample
0000000000002	sample	sample	sample	sample	sample	sample	Peanuts	sample	sample	sample	sample	sample	sample	sample	sample	sample	sample	sample	sample	sample	sample	sample	sample	sample	sample	sample	sample	sample	sample	sample	sample	sample	sample	sample	sample	sample	sample	sample	sample	sample	sample	sample	sample	sample	sample	sample	sample	sample	sample	sample	sample	sample	sample	sample	sample	sample	sample	sample	sample	sample	sample	sample	sample	sample	sample	sample	sample	sample	sample	sample	sample	sample	sample	sample	sample	sample	sample	sample	sample	sample	sample	sample	sample	sample	sample	sample	sample	sample	sample	sample	sample	sample	sample	sample	sample	sample	sample	sample	sample	sample	sample	sample	sample	49.36	sample	sample	sample	sample	sample	sample	sample	sample	sample	sample	sample	sample	sample	sample	sample	sample	sample	sample	sample	sample	sample	sample	sample	sample	sample	sample	sample	sample	sample	sample	sample	sample	sample	sample	sample	sample	sample	sample	sample	sample	sample	sample	sample	sample	sample	sample	sample	sample	sample	sample	sample	sample	sample	sample	sample	sample	sample	sample
0000000000003	sample	sample	sample	sample	sample	sample	Organic Salted Nut Mix	sample	sample	sample	sample	sample	sample	sample	sample	sample	sample	sample	sample	sample	sample	sample	sample	sample	sample	sample	sample	sample	sample	sample	sample	sample	sample	sample	sample	sample	sample	sample	sample	sample	sample	sample	sample	sample	sample	sample	sample	sample	sample	sample	sample	sample	sample	sample	sample	sample	sample	sample	sample	sample	sample	sample	sample	sample	sample	sample	sample	sample	sample	sample	sample	sample	sample	sample	sample	sample	sample	sample	sample	sample	sample	sample	sample	sample	sample	sample	sample	sample	sample	sample	sample	sample	sample	sample	sample	sample	sample	sample	sample	sample	sample	sample	sample	89.0	sample	sample	sample	sample	sample	sample	sample	sample	sample	sample	sample	sample	sample	sample	sample	sample	sample	sample	sample	sample	sample	sample	sample	sample	sample	sample	sample	sample	sample	sample	sample	sample	sample	sample	sample	sample	sample	sample	sample	sample	sample	sample	sample	sample	sample	sample	sample	sample	sample	sample	sample	sample	sample	sample	sample	sample	sample	sample
0000000000004	sample	sample	sample	sample	sample	sample	Organic Polenta	sample	sample	sample	sample	sample	sample	sample	sample	sample	sample	sample	sample	sample	sample	sample	sample	sample	sample	sample	sample	sample	sample	sample	sample	sample	sample	sample	sample	sample	sample	sample	sample	sample	sample	sample	sample	sample	sample	sample	sample	sample	sample	sample	sample	sample	sample	sample	sample	sample	sample	sample	sample	sample	sample	sample	sample	sample	sample	sample	sample	sample	sample	sample	sample	sample	sample	sample	sample	sample	sample	sample	sample	sample	sample	sample	sample	sample	sample	sample	sample	sample	sample	sample	sample	sample	sample	sample	sample	sample	sample	sample	sample	sample	sample	sample	sample	78.73	sample	sample	sample	sample	sample	sample	sample	sample	sample	sample	sample	sample	sample	sample	sample	sample	sample	sample	sample	sample	sample	sample	sample	sample	sample	sample	sample	sample	sample	sample	sample	sample	sample	sample	sample	sample	sample	sample	sample	sample	sample	sample	sample	sample	sample	sample	sample	sample	sample	sample	sample	sample	sample	sample	sample	sample	sample	sample
0000000000005	sample	sample	sample	sample	sample	sample	Product 5	sample	sample	sample	sample	sample	sample	sample	sample	sample	sample	sample	sample	sample	sample	sample	sample	sample	sample	sample	sample	sample	sample	sample	sample	sample	sample	sample	sample	sample	sample	sample	sample	sample	sample	sample	sample	sample	sample	sample	sample	sample	sample	sample	sample	sample	sample	sample	sample	sample	sample	sample	sample	sample	sample	sample	sample	sample	sample	sample	sample	sample	sample	sample	sample	sample	sample	sample	sample	sample	sample	sample	sample	sample	sample	sample	sample	sample	sample	sample	sample	sample	sample	sample	sample	sample	sample	sample	sample	sample	sample	sample	sample	sample	sample	sample	sample	33.93	sample	sample	sample	sample	sample	sample	sample	sample	sample	sample	sample	sample	sample	sample	sample	sample	sample	sample	sample	sample	sample	sample	sample	sample	sample	sample	sample	sample	sample	sample	sample	sample	sample	sample	sample	sample	sample	sample	sample	sample	sample	sample	sample	sample	sample	sample	sample	sample	sample	sample	sample	sample	sample	sample	sample	sample	sample	sample
0000000000006	sample	sample	sample	sample	sample	sample	Product 6	sample	sample	sample	sample	sample	sample	sample	sample	sample	sample	sample	sample	sample	sample	sample	sample	sample	sample	sample	sample	sample	sample	sample	sample	sample	sample	sample	sample	sample	sample	sample	sample	sample	sample	sample	sample	sample	sample	sample	sample	sample	sample	sample	sample	sample	sample	sample	sample	sample	sample	sample	sample	sample	sample	sample	sample	sample	sample	sample	sample	sample	sample	sample	sample	sample	sample	sample	sample	sample	sample	sample	sample	sample	sample	sample	sample	sample	sample	sample	sample	sample	sample	sample	sample	sample	sample	sample	sample	sample	sample	sample	sample	sample	sample	sample	sample	92.67	sample	sample	sample	sample	sample	sample	sample	sample	sample	sample	sample	sample	sample	sample	sample	sample	sample	sample	sample	sample	sample	sample	sample	sample	sample	sample	sample	sample	sample	sample	sample	sample	sample	sample	sample	sample	sample	sample	sample	sample	sample	sample	sample	sample	sample	sample	sample	sample	sample	sample	sample	sample	sample	sample	sample	sample	sample	sample
0000000000007	sample	sample	sample	sample	sample	sample	Product 7	sample	sample	sample	sample	sample	sample	sample	sample	sample	sample	sample	sample	sample	sample	sample	sample	sample	sample	sample	sample	sample	sample	sample	sample	sample	sample	sample	sample	sample	sample	sample	sample	sample	sample	sample	sample	sample	sample	sample	sample	sample	sample	sample	sample	sample	sample	sample	sample	sample	sample	sample	sample	sample	sample	sample	sample	sample	sample	sample	sample	sample	sample	sample	sample	sample	sample	sample	sample	sample	sample	sample	sample	sample	sample	sample	sample	sample	sample	sample	sample	sample	sample	sample	sample	sample	sample	sample	sample	sample	sample	sample	sample	sample	sample	sample	sample	65.59	sample	sample	sample	sample	sample	sample	sample	sample	sample	sample	sample	sample	sample	sample	sample	sample	sample	sample	sample	sample	sample	sample	sample	sample	sample	sample	sample	sample	sample	sample	sample	sample	sample	sample	sample	sample	sample	sample	sample	sample	sample	sample	sample	sample	sample	sample	sample	sample	sample	sample	sample	sample	sample	sample	sample	sample	sample	sample
0000000000008	sample	sample	sample	sample	sample	sample	Product 8	sample	sample	sample	sample	sample	sample	sample	sample	sample	sample	sample	sample	sample	sample	sample	sample	sample	sample	sample	sample	sample	sample	sample	sample	sample	sample	sample	sample	sample	sample	sample	sample	sample	sample	sample	sample	sample	sample	sample	sample	sample	sample	sample	sample	sample	sample	sample	sample	sample	sample	sample	sample	sample	sample	sample	sample	sample	sample	sample	sample	sample	sample	sample	sample	sample	sample	sample	sample	sample	sample	sample	sample	sample	sample	sample	sample	sample	sample	sample	sample	sample	sample	sample	sample	sample	sample	sample	sample	sample	sample	sample	sample	sample	sample	sample	sample	62.78	sample	sample	sample	sample	sample	sample	sample	sample	sample	sample	sample	sample	sample	sample	sample	sample	sample	sample	sample	sample	sample	sample	sample	sample	sample	sample	sample	sample	sample	sample	sample	sample	sample	sample	sample	sample	sample	sample	sample	sample	sample	sample	sample	sample	sample	sample	sample	sample	sample	sample	sample	sample	sample	sample	sample	sample	sample	sample
0000000000009	sample	sample	sample	sample	sample	sample	Product 9	sample	sample	sample	sample	sample	sample	sample	sample	sample	sample	sample	sample	sample	sample	sample	sample	sample	sample	sample	sample	sample	sample	sample	sample	sample	sample	sample	sample	sample	sample	sample	sample	sample	sample	sample	sample	sample	sample	sample	sample	sample	sample	sample	sample	sample	sample	sample	sample	sample	sample	sample	sample	sample	sample	sample	sample	sample	sample	sample	sample	sample	sample	sample	sample	sample	sample	sample	sample	sample	sample	sample	sample	sample	sample	sample	sample	sample	sample	sample	sample	sample	sample	sample	sample	sample	sample	sample	sample	sample	sample	sample	sample	sample	sample	sample	sample	80.53	sample	sample	sample	sample	sample	sample	sample	sample	sample	sample	sample	sample	sample	sample	sample	sample	sample	sample	sample	sample	sample	sample	sample	sample	sample	sample	sample	sample	sample	sample	sample	sample	sample	sample	sample	sample	sample	sample	sample	sample	sample	sample	sample	sample	sample	sample	sample	sample	sample	sample	sample	sample	sample	sample	sample	sample	sample	sample
0000000000010	sample	sample	sample	sample	sample	sample	Product 10	sample	sample	sample	sample	sample	sample	sample	sample	sample	sample	sample	sample	sample	sample	sample	sample	sample	sample	sample	sample	sample	sample	sample	sample	sample	sample	sample	sample	sample	sample	sample	sample	sample	sample	sample	sample	sample	sample	sample	sample	sample	sample	sample	sample	sample	sample	sample	sample	sample	sample	sample	sample	sample	sample	sample	sample	sample	sample	sample	sample	sample	sample	sample	sample	sample	sample	sample	sample	sample	sample	sample	sample	sample	sample	sample	sample	sample	sample	sample	sample	sample	sample	sample	sample	sample	sample	sample	sample	sample	sample	sample	sample	sample	sample	sample	sample	40.54	sample	sample	sample	sample	sample	sample	sample	sample	sample	sample	sample	sample	sample	sample	sample	sample	sample	sample	sample	sample	sample	sample	sample	sample	sample	sample	sample	sample	sample	sample	sample	sample	sample	sample	sample	sample	sample	sample	sample	sample	sample	sample	sample	sample	sample	sample	sample	sample	sample	sample	sample	sample	sample	sample	sample	sample	sample	sample
0000000000011	sample	sample	sample	sample	sample	sample	Product 11	sample	sample	sample	sample	sample	sample	sample	sample	sample	sample	sample	sample	sample	sample	sample	sample	sample	sample	sample	sample	sample	sample	sample	sample	sample	sample	sample	sample	sample	sample	sample	sample	sample	sample	sample	sample	sample	sample	sample	sample	sample	sample	sample	sample	sample	sample	sample	sample	sample	sample	sample	sample	sample	sample	sample	sample	sample	sample	sample	sample	sample	sample	sample	sample	sample	sample	sample	sample	sample	sample	sample	sample	sample	sample	sample	sample	sample	sample	sample	sample	sample	sample	sample	sample	sample	sample	sample	sample	sample	sample	sample	sample	sample	sample	sample	sample	48.85	sample	sample	sample	sample	sample	sample	sample	sample	sample	sample	sample	sample	sample	sample	sample	sample	sample	sample	sample	sample	sample	sample	sample	sample	sample	sample	sample	sample	sample	sample	sample	sample	sample	sample	sample	sample	sample	sample	sample	sample	sample	sample	sample	sample	sample	sample	sample	sample	sample	sample	sample	sample	sample	sample	sample	sample	sample	sample
0000000000012	sample	sample	sample	sample	sample	sample	Product 12	sample	sample	sample	sample	sample	sample	sample	sample	sample	sample	sample	sample	sample	sample	sample	sample	sample	sample	sample	sample	sample	sample	sample	sample	sample	sample	sample	sample	sample	sample	sample	sample	sample	sample	sample	sample	sample	sample	sample	sample	sample	sample	sample	sample	sample	sample	sample	sample	sample	sample	sample	sample	sample	sample	sample	sample	sample	sample	sample	sample	sample	sample	sample	sample	sample	sample	sample	sample	sample	sample	sample	sample	sample	sample	sample	sample	sample	sample	sample	sample	sample	sample	sample	sample	sample	sample	sample	sample	sample	sample	sample	sample	sample	sample	sample	sample	17.26	sample	sample	sample	sample	sample	sample	sample	sample	sample	sample	sample	sample	sample	sample	sample	sample	sample	sample	sample	sample	sample	sample	sample	sample	sample	sample	sample	sample	sample	sample	sample	sample	sample	sample	sample	sample	sample	sample	sample	sample	sample	sample	sample	sample	sample	sample	sample	sample	sample	sample	sample	sample	sample	sample	sample	sample	sample	sample
0000000000013	sample	sample	sample	sample	sample	sample	Product 13	sample	sample	sample	sample	sample	sample	sample	sample	sample	sample	sample	sample	sample	sample	sample	sample	sample	sample	sample	sample	sample	sample	sample	sample	sample	sample	sample	sample	sample	sample	sample	sample	sample	sample	sample	sample	sample	sample	sample	sample	sample	sample	sample	sample	sample	sample	sample	sample	sample	sample	sample	sample	sample	sample	sample	sample	sample	sample	sample	sample	sample	sample	sample	sample	sample	sample	sample	sample	sample	sample	sample	sample	sample	sample	sample	sample	sample	sample	sample	sample	sample	sample	sample	sample	sample	sample	sample	sample	sample	sample	sample	sample	sample	sample	sample	sample	9.8	sample	sample	sample	sample	sample	sample	sample	sample	sample	sample	sample	sample	sample	sample	sample	sample	sample	sample	sample	sample	sample	sample	sample	sample	sample	sample	sample	sample	sample	sample	sample	sample	sample	sample	sample	sample	sample	sample	sample	sample	sample	sample	sample	sample	sample	sample	sample	sample	sample	sample	sample	sample	sample	sample	sample	sample	sample	sample
0000000000014	sample	sample	sample	sample	sample	sample	Product 14	sample	sample	sample	sample	sample	sample	sample	sample	sample	sample	sample	sample	sample	sample	sample	sample	sample	sample	sample	sample	sample	sample	sample	sample	sample	sample	sample	sample	sample	sample	sample	sample	sample	sample	sample	sample	sample	sample	sample	sample	sample	sample	sample	sample	sample	sample	sample	sample	sample	sample	sample	sample	sample	sample	sample	sample	sample	sample	sample	sample	sample	sample	sample	sample	sample	sample	sample	sample	sample	sample	sample	sample	sample	sample	sample	sample	sample	sample	sample	sample	sample	sample	sample	sample	sample	sample	sample	sample	sample	sample	sample	sample	sample	sample	sample	sample	23.96	sample	sample	sample	sample	sample	sample	sample	sample	sample	sample	sample	sample	sample	sample	sample	sample	sample	sample	sample	sample	sample	sample	sample	sample	sample	sample	sample	sample	sample	sample	sample	sample	sample	sample	sample	sample	sample	sample	sample	sample	sample	sample	sample	sample	sample	sample	sample	sample	sample	sample	sample	sample	sample	sample	sample	sample	sample	sample
0000000000015	sample	sample	sample	sample	sample	sample	Product 15	sample	sample	sample	sample	sample	sample	sample	sample	sample	sample	sample	sample	sample	sample	sample	sample	sample	sample	sample	sample	sample	sample	sample	sample	sample	sample	sample	sample	sample	sample	sample	sample	sample	sample	sample	sample	sample	sample	sample	sample	sample	sample	sample	sample	sample	sample	sample	sample	sample	sample	sample	sample	sample	sample	sample	sample	sample	sample	sample	sample	sample	sample	sample	sample	sample	sample	sample	sample	sample	sample	sample	sample	sample	sample	sample	sample	sample	sample	sample	sample	sample	sample	sample	sample	sample	sample	sample	sample	sample	sample	sample	sample	sample	sample	sample	sample	4.05	sample	sample	sample	sample	sample	sample	sample	sample	sample	sample	sample	sample	sample	sample	sample	sample	sample	sample	sample	sample	sample	sample	sample	sample	sample	sample	sample	sample	sample	sample	sample	sample	sample	sample	sample	sample	sample	sample	sample	sample	sample	sample	sample	sample	sample	sample	sample	sample	sample	sample	sample	sample	sample	sample	sample	sample	sample	sample
0000000000016	sample	sample	sample	sample	sample	sample	Product 16	sample	sample	sample	sample	sample	sample	sample	sample	sample	sample	sample	sample	sample	sample	sample	sample	sample	sample	sample	sample	sample	sample	sample	sample	sample	sample	sample	sample	sample	sample	sample	sample	sample	sample	sample	sample	sample	sample	sample	sample	sample	sample	sample	sample	sample	sample	sample	sample	sample	sample	sample	sample	sample	sample	sample	sample	sample	sample	sample	sample	sample	sample	sample	sample	sample	sample	sample	sample	sample	sample	sample	sample	sample	sample	sample	sample	sample	sample	sample	sample	sample	sample	sample	sample	sample	sample	sample	sample	sample	sample	sample	sample	sample	sample	sample	sample	94.71	sample	sample	sample	sample	sample	sample	sample	sample	sample	sample	sample	sample	sample	sample	sample	sample	sample	sample	sample	sample	sample	sample	sample	sample	sample	sample	sample	sample	sample	sample	sample	sample	sample	sample	sample	sample	sample	sample	sample	sample	sample	sample	sample	sample	sample	sample	sample	sample	sample	sample	sample	sample	sample	sample	sample	sample	sample	sample
0000000000017	sample	sample	sample	sample	sample	sample	Product 17	sample	sample	sample	sample	sample	sample	sample	sample	sample	sample	sample	sample	sample	sample	sample	sample	sample	sample	sample	sample	sample	sample	sample	sample	sample	sample	sample	sample	sample	sample	sample	sample	sample	sample	sample	sample	sample	sample	sample	sample	sample	sample	sample	sample	sample	sample	sample	sample	sample	sample	sample	sample	sample	sample	sample	sample	sample	sample	sample	sample	sample	sample	sample	sample	sample	sample	sample	sample	sample	sample	sample	sample	sample	sample	sample	sample	sample	sample	sample	sample	sample	sample	sample	sample	sample	sample	sample	sample	sample	sample	sample	sample	sample	sample	sample	sample	29.93	sample	sample	sample	sample	sample	sample	sample	sample	sample	sample	sample	sample	sample	sample	sample	sample	sample	sample	sample	sample	sample	sample	sample	sample	sample	sample	sample	sample	sample	sample	sample	sample	sample	sample	sample	sample	sample	sample	sample	sample	sample	sample	sample	sample	sample	sample	sample	sample	sample	sample	sample	sample	sample	sample	sample	sample	sample	sample
0000000000018	sample	sample	sample	sample	sample	sample	Lotus Organic Brown Jasmine Rice	sample	sample	sample	sample	sample	sample	sample	sample	sample	sample	sample	sample	sample	sample	sample	sample	sample	sample	sample	sample	sample	sample	sample	sample	sample	sample	sample	sample	sample	sample	sample	sample	sample	sample	sample	sample	sample	sample	sample	sample	sample	sample	sample	sample	sample	sample	sample	sample	sample	sample	sample	sample	sample	sample	sample	sample	sample	sample	sample	sample	sample	sample	sample	sample	sample	sample	sample	sample	sample	sample	sample	sample	sample	sample	sample	sample	sample	sample	sample	sample	sample	sample	sample	sample	sample	sample	sample	sample	sample	sample	sample	sample	sample	sample	sample	sample	7.86	sample	sample	sample	sample	sample	sample	sample	sample	sample	sample	sample	sample	sample	sample	sample	sample	sample	sample	sample	sample	sample	sample	sample	sample	sample	sample	sample	sample	sample	sample	sample	sample	sample	sample	sample	sample	sample	sample	sample	sample	sample	sample	sample	sample	sample	sample	sample	sample	sample	sample	sample	sample	sample	sample	sample	sample	sample	sample
0000000000019	sample	sample	sample	sample	sample	sample	Product 19	sample	sample	sample	sample	sample	sample	sample	sample	sample	sample	sample	sample	sample	sample	sample	sample	sample	sample	sample	sample	sample	sample	sample	sample	sample	sample	sample	sample	sample	sample	sample	sample	sample	sample	sample	sample	sample	sample	sample	sample	sample	sample	sample	sample	sample	sample	sample	sample	sample	sample	sample	sample	sample	sample	sample	sample	sample	sample	sample	sample	sample	sample	sample	sample	sample	sample	sample	sample	sample	sample	sample	sample	sample	sample	sample	sample	sample	sample	sample	sample	sample	sample	sample	sample	sample	sample	sample	sample	sample	sample	sample	sample	sample	sample	sample	sample	72.46	sample	sample	sample	sample	sample	sample	sample	sample	sample	sample	sample	sample	sample	sample	sample	sample	sample	sample	sample	sample	sample	sample	sample	sample	sample	sample	sample	sample	sample	sample	sample	sample	sample	sample	sample	sample	sample	sample	sample	sample	sample	sample	sample	sample	sample	sample	sample	sample	sample	sample	sample	sample	sample	sample	sample	sample	sample	sample
0000000000020	sample	sample	sample	sample	sample	sample	Product 20	sample	sample	sample	sample	sample	sample	sample	sample	sample	sample	sample	sample	sample	sample	sample	sample	sample	sample	sample	sample	sample	sample	sample	sample	sample	sample	sample	sample	sample	sample	sample	sample	sample	sample	sample	sample	sample	sample	sample	sample	sample	sample	sample	sample	sample	sample	sample	sample	sample	sample	sample	sample	sample	sample	sample	sample	sample	sample	sample	sample	sample	sample	sample	sample	sample	sample	sample	sample	sample	sample	sample	sample	sample	sample	sample	sample	sample	sample	sample	sample	sample	sample	sample	sample	sample	sample	sample	sample	sample	sample	sample	sample	sample	sample	sample	sample	56.57	sample	sample	sample	sample	sample	sample	sample	sample	sample	sample	sample	sample	sample	sample	sample	sample	sample	sample	sample	sample	sample	sample	sample	sample	sample	sample	sample	sample	sample	sample	sample	sample	sample	sample	sample	sample	sample	sample	sample	sample	sample	sample	sample	sample	sample	sample	sample	sample	sample	sample	sample	sample	sample	sample	sample	sample	sample	sample
0000000000021	sample	sample	sample	sample	sample	sample	Product 21	sample	sample	sample	sample	sample	sample	sample	sample	sample	sample	sample	sample	sample	sample	sample	sample	sample	sample	sample	sample	sample	sample	sample	sample	sample	sample	sample	sample	sample	sample	sample	sample	sample	sample	sample	sample	sample	sample	sample	sample	sample	sample	sample	sample	sample	sample	sample	sample	sample	sample	sample	sample	sample	sample	sample	sample	sample	sample	sample	sample	sample	sample	sample	sample	sample	sample	sample	sample	sample	sample	sample	sample	sample	sample	sample	sample	sample	sample	sample	sample	sample	sample	sample	sample	sample	sample	sample	sample	sample	sample	sample	sample	sample	sample	sample	sample	7.45	sample	sample	sample	sample	sample	sample	sample	sample	sample	sample	sample	sample	sample	sample	sample	sample	sample	sample	sample	sample	sample	sample	sample	sample	sample	sample	sample	sample	sample	sample	sample	sample	sample	sample	sample	sample	sample	sample	sample	sample	sample	sample	sample	sample	sample	sample	sample	sample	sample	sample	sample	sample	sample	sample	sample	sample	sample	sample
0000000000022	sample	sample	sample	sample	sample	sample	Product 22	sample	sample	sample	sample	sample	sample	sample	sample	sample	sample	sample	sample	sample	sample	sample	sample	sample	sample	sample	sample	sample	sample	sample	sample	sample	sample	sample	sample	sample	sample	sample	sample	sample	sample	sample	sample	sample	sample	sample	sample	sample	sample	sample	sample	sample	sample	sample	sample	sample	sample	sample	sample	sample	sample	sample	sample	sample	sample	sample	sample	sample	sample	sample	sample	sample	sample	sample	sample	sample	sample	sample	sample	sample	sample	sample	sample	sample	sample	sample	sample	sample	sample	sample	sample	sample	sample	sample	sample	sample	sample	sample	sample	sample	sample	sample	sample	26.98	sample	sample	sample	sample	sample	sample	sample	sample	sample	sample	sample	sample	sample	sample	sample	sample	sample	sample	sample	sample	sample	sample	sample	sample	sample	sample	sample	sample	sample	sample	sample	sample	sample	sample	sample	sample	sample	sample	sample	sample	sample	sample	sample	sample	sample	sample	sample	sample	sample	sample	sample	sample	sample	sample	sample	sample	sample	sample
0000000000023	sample	sample	sample	sample	sample	sample	Product 23	sample	sample	sample	sample	sample	sample	sample	sample	sample	sample	sample	sample	sample	sample	sample	sample	sample	sample	sample	sample	sample	sample	sample	sample	sample	sample	sample	sample	sample	sample	sample	sample	sample	sample	sample	sample	sample	sample	sample	sample	sample	sample	sample	sample	sample	sample	sample	sample	sample	sample	sample	sample	sample	sample	sample	sample	sample	sample	sample	sample	sample	sample	sample	sample	sample	sample	sample	sample	sample	sample	sample	sample	sample	sample	sample	sample	sample	sample	sample	sample	sample	sample	sample	sample	sample	sample	sample	sample	sample	sample	sample	sample	sample	sample	sample	sample	92.79	sample	sample	sample	sample	sample	sample	sample	sample	sample	sample	sample	sample	sample	sample	sample	sample	sample	sample	sample	sample	sample	sample	sample	sample	sample	sample	sample	sample	sample	sample	sample	sample	sample	sample	sample	sample	sample	sample	sample	sample	sample	sample	sample	sample	sample	sample	sample	sample	sample	sample	sample	sample	sample	sample	sample	sample	sample	sample
0000000000024	sample	sample	sample	sample	sample	sample	Product 24	sample	sample	sample	sample	sample	sample	sample	sample	sample	sample	sample	sample	sample	sample	sample	sample	sample	sample	sample	sample	sample	sample	sample	sample	sample	sample	sample	sample	sample	sample	sample	sample	sample	sample	sample	sample	sample	sample	sample	sample	sample	sample	sample	sample	sample	sample	sample	sample	sample	sample	sample	sample	sample	sample	sample	sample	sample	sample	sample	sample	sample	sample	sample	sample	sample	sample	sample	sample	sample	sample	sample	sample	sample	sample	sample	sample	sample	sample	sample	sample	sample	sample	sample	sample	sample	sample	sample	sample	sample	sample	sample	sample	sample	sample	sample	sample	39.06	sample	sample	sample	sample	sample	sample	sample	sample	sample	sample	sample	sample	sample	sample	sample	sample	sample	sample	sample	sample	sample	sample	sample	sample	sample	sample	sample	sample	sample	sample	sample	sample	sample	sample	sample	sample	sample	sample	sample	sample	sample	sample	sample	sample	sample	sample	sample	sample	sample	sample	sample	sample	sample	sample	sample	sample	sample	sample
